{
  "accuracy": 0.9975,
  "roc_auc": 1.0,
  "avg_precision": 1.0,
  "cv_f1_mean": 0.9924900388457708,
  "cv_f1_std": 0.006435981509588553,
  "report": {
    "REAL": {
      "precision": 0.9950248756218906,
      "recall": 1.0,
      "f1-score": 0.9975062344139651,
      "support": 200.0
    },
    "FAKE": {
      "precision": 1.0,
      "recall": 0.995,
      "f1-score": 0.9974937343358395,
      "support": 200.0
    },
    "accuracy": 0.9975,
    "macro avg": {
      "precision": 0.9975124378109452,
      "recall": 0.9975,
      "f1-score": 0.9974999843749024,
      "support": 400.0
    },
    "weighted avg": {
      "precision": 0.9975124378109453,
      "recall": 0.9975,
      "f1-score": 0.9974999843749024,
      "support": 400.0
    }
  }
}